#Subpopulation order/codes: CHA=0	MSU=1
#chm	spos	epos	sgpos	egpos	n snps	BHC-501.0	BHC-501.1	BHC-502.0	BHC-502.1	XM448.0	XM448.1	XM450.0	XM450.1	SYLHN-1.0	SYLHN-1.1	SYLHN-2.0	SYLHN-2.1	SYLHN-3.0	SYLHN-3.1	SYLHN-4.0	SYLHN-4.1	SYLHN-5.0	SYLHN-5.1	SYLHN-6.0	SYLHN-6.1	SYLHN-7.0	SYLHN-7.1	SYLHN-8.0	SYLHN-8.1	SYLHN-9.0	SYLHN-9.1	GQC-10.0	GQC-10.1	GQC-15.0	GQC-15.1	GQC-20.0	GQC-20.1	GQC-5.0	GQC-5.1	1050751690.0	1050751690.1	1050751700.0	1050751700.1	1050751710.0	1050751710.1	1050751720.0	1050751720.1	1050751730.0	1050751730.1
1	761316	2374280	0.76	2.37	47	1	1	1	1	1	1	1	1	1	1	1	1	1	1	1	1	1	1	1	1	1	1	1	1	1	1	0	1	1	1	1	1	1	1	1	1	1	1	1	1	1	1	1	1
1	2374280	3653664	2.37	3.65	25	1	1	1	1	1	1	1	1	1	1	1	1	1	1	1	1	1	1	1	1	1	1	1	1	1	1	1	1	1	1	1	1	1	1	1	1	1	1	1	1	1	1	1	1
1	3653664	4293047	3.65	4.29	20	1	1	1	1	1	1	1	1	1	1	1	1	0	1	1	1	1	1	1	1	1	1	1	1	1	1	1	1	1	1	1	1	1	1	1	1	1	1	1	1	1	1	1	1
1	4293047	5211480	4.29	5.21	20	1	1	1	1	1	1	1	1	1	1	1	1	0	1	1	1	1	1	1	1	1	1	1	1	1	1	1	1	0	1	1	1	1	1	1	1	1	1	1	1	1	1	1	1
1	5211480	9285546	5.21	9.29	105	1	1	1	1	1	1	1	1	1	1	1	1	0	1	1	1	1	1	1	1	1	1	1	1	1	1	1	1	0	1	1	1	0	1	1	1	1	1	1	1	1	1	1	1
1	9285546	14812929	9.29	14.81	90	1	1	1	1	1	1	1	1	1	1	1	1	1	1	1	1	1	1	1	1	1	1	1	1	1	1	1	1	0	1	1	1	0	1	1	1	1	1	1	1	1	1	1	1
1	14812929	15381892	14.81	15.38	10	1	1	1	1	1	1	1	1	1	1	1	1	1	0	1	1	1	1	1	1	1	1	1	1	1	1	1	1	0	1	1	1	0	0	1	1	1	1	1	1	1	1	1	1
1	15381892	19161658	15.38	19.16	60	1	1	1	1	1	1	1	1	1	1	1	1	1	0	1	0	1	1	1	1	1	1	1	1	1	1	1	1	0	1	1	1	0	0	1	1	1	1	1	1	1	1	1	1
1	19161658	21277546	19.16	21.28	40	1	1	1	1	1	1	1	1	1	1	1	1	1	0	0	0	1	1	1	1	0	1	1	1	1	1	1	1	0	1	1	1	0	0	1	1	1	1	1	1	1	1	1	1
1	21277546	23335758	21.28	23.34	45	1	1	1	1	1	1	1	1	1	1	1	1	1	0	0	1	1	1	1	1	0	1	1	1	1	1	1	1	0	1	1	1	0	0	1	1	1	1	1	1	1	1	1	1
1	23335758	27891862	23.34	27.89	85	1	1	1	1	1	1	1	1	1	1	1	1	1	0	0	1	1	1	1	1	1	1	1	1	1	1	1	1	1	1	1	1	0	0	1	1	1	1	1	1	1	1	1	1
1	27891862	31988424	27.89	31.99	80	1	1	1	1	1	1	1	1	1	1	1	1	1	0	1	1	1	1	1	1	1	1	1	1	1	1	1	0	1	1	1	1	0	0	1	1	1	1	1	0	1	1	1	1
1	31988424	39292042	31.99	39.29	145	1	1	1	1	1	1	1	1	1	1	1	1	1	0	1	1	1	1	1	1	1	1	1	1	1	1	1	0	1	1	1	1	1	0	1	1	1	1	1	0	1	1	1	1
1	39292042	42181492	39.29	42.18	60	1	1	1	1	1	1	1	1	1	1	1	1	1	0	1	0	0	0	1	1	1	1	1	1	1	0	1	0	1	1	1	1	1	0	1	1	1	1	1	0	1	1	1	1
1	42181492	43188983	42.18	43.19	20	1	1	1	1	1	1	1	1	1	1	1	1	1	0	1	0	0	0	1	1	1	1	0	1	0	0	1	0	1	1	1	1	1	0	1	1	1	1	1	0	1	1	1	1
1	43188983	44010211	43.19	44.01	25	1	1	1	1	1	1	1	1	1	1	1	1	1	0	1	0	0	0	1	1	1	1	0	1	0	0	1	0	1	1	1	1	1	1	1	1	1	1	1	0	1	1	1	1
1	44010211	44983356	44.01	44.98	15	1	1	1	1	1	1	1	0	1	1	0	0	1	0	1	0	0	0	1	1	0	0	0	1	0	0	1	0	1	1	1	1	1	1	1	1	0	1	1	0	0	0	1	1
1	44983356	45773590	44.98	45.77	20	1	1	1	1	1	1	1	0	1	1	0	0	1	0	1	0	0	0	1	1	0	0	0	1	0	0	0	0	1	1	1	1	1	1	1	1	0	1	1	0	0	0	1	1
1	45773590	47185588	45.77	47.19	30	1	1	1	1	1	1	1	0	1	1	0	0	1	0	1	0	0	0	1	1	0	0	0	1	0	0	0	0	1	1	1	1	1	1	0	1	0	1	0	0	0	0	1	1
1	47185588	48298236	47.19	48.30	15	1	1	1	1	1	1	1	0	1	1	0	0	1	0	1	1	1	0	1	1	0	0	0	1	0	0	0	0	1	1	1	1	1	1	0	1	0	1	0	0	0	0	1	1
1	48298236	51351894	48.30	51.35	55	1	1	1	1	1	1	1	1	1	1	1	1	1	1	1	1	1	0	1	1	1	1	0	1	0	0	0	0	1	1	1	1	1	1	0	1	1	1	0	0	1	1	1	1
1	51351894	58540410	51.35	58.54	125	1	1	1	1	1	1	1	1	1	1	1	1	1	1	1	1	1	1	1	1	1	1	1	1	1	1	0	0	1	1	1	1	1	1	0	1	1	1	0	0	1	1	1	1
1	58540410	61517865	58.54	61.52	65	1	1	1	1	1	1	1	1	1	1	1	1	1	1	1	1	1	1	1	1	1	1	1	1	1	1	0	0	1	1	1	1	1	1	1	1	1	1	1	1	1	1	1	1
1	61517865	63749969	61.52	63.75	55	1	1	1	1	1	1	1	1	1	1	1	1	1	1	1	1	1	1	1	1	1	1	1	1	1	1	0	0	0	0	1	1	1	1	1	1	1	1	1	1	1	1	1	1
1	63749969	72797154	63.75	72.80	175	1	1	1	1	1	1	1	1	1	1	1	1	1	1	1	1	1	1	1	1	1	1	1	1	1	1	1	0	0	0	1	1	1	1	1	1	1	1	1	1	1	1	1	1
1	72797154	77488025	72.80	77.49	95	1	1	1	1	1	1	1	1	1	1	1	1	1	1	1	1	1	1	1	1	1	1	0	1	1	1	1	1	0	0	1	1	1	1	1	1	1	1	1	1	1	1	1	1
1	77488025	80224613	77.49	80.22	60	1	1	1	1	1	1	1	1	1	1	1	1	1	1	1	1	1	1	1	1	1	1	0	0	1	1	1	0	0	0	1	1	1	1	1	1	1	1	1	1	1	1	1	1
1	80224613	81066605	80.22	81.07	20	1	1	1	1	1	1	1	1	1	1	1	1	1	1	1	1	1	1	1	1	1	1	1	0	1	1	1	0	0	0	1	1	1	1	1	1	0	1	1	1	1	1	1	1
1	81066605	81878833	81.07	81.88	15	1	1	1	1	1	1	1	1	1	1	1	1	1	1	1	1	1	1	1	1	1	1	1	0	1	1	1	0	0	0	1	1	1	1	1	1	0	1	1	0	1	1	1	1
1	81878833	85422394	81.88	85.42	55	1	1	1	1	1	1	1	1	1	1	1	1	1	1	1	1	1	1	1	1	1	1	1	0	1	1	1	0	0	0	1	1	1	1	0	1	0	0	0	0	1	1	1	1
1	85422394	88209726	85.42	88.21	55	0	1	1	1	1	0	1	1	1	1	1	1	1	1	1	1	1	0	0	1	1	0	1	0	0	1	0	0	0	0	0	1	1	1	0	1	0	0	0	0	1	1	0	1
1	88209726	90033577	88.21	90.03	40	0	0	1	1	1	0	1	1	1	1	1	1	1	1	1	1	1	0	0	0	1	0	1	0	0	1	0	0	0	0	1	1	1	1	0	1	0	0	0	0	1	1	0	1
1	90033577	91172885	90.03	91.17	30	0	0	1	1	1	0	1	0	1	1	1	1	1	1	1	1	1	0	1	0	1	0	1	0	0	1	0	0	0	0	1	1	1	1	0	1	0	0	0	0	1	1	0	1
1	91172885	92151367	91.17	92.15	20	0	0	1	1	1	0	1	0	1	1	1	1	1	1	1	1	1	1	1	0	1	0	1	0	0	1	0	0	0	0	1	1	1	1	0	1	0	0	0	0	1	1	0	1
1	92151367	92494787	92.15	92.49	5	0	0	1	0	1	0	1	0	1	1	1	1	1	1	1	1	1	1	1	0	1	0	1	0	0	1	0	0	0	0	1	1	0	1	0	1	0	0	0	0	1	1	0	1
1	92494787	93671295	92.49	93.67	15	0	0	1	0	1	1	1	0	1	1	1	1	1	1	1	1	1	1	1	0	1	0	1	0	1	1	0	0	0	0	1	1	0	0	0	1	0	0	0	0	1	1	0	1
1	93671295	96856897	93.67	96.86	45	0	0	1	0	1	1	1	0	1	1	1	1	1	1	1	1	1	1	1	0	1	0	1	0	1	1	0	0	0	0	1	1	0	0	1	1	0	0	0	0	1	1	0	1
1	96856897	97934646	96.86	97.93	20	1	1	1	0	1	1	1	0	1	1	1	1	1	1	1	1	1	1	1	0	1	0	1	0	1	1	0	0	0	0	1	1	0	0	1	1	1	0	0	0	1	1	0	1
1	97934646	101864780	97.93	101.86	80	1	1	1	0	1	1	1	0	1	1	1	1	1	1	1	1	1	1	1	0	1	0	1	1	1	1	0	0	0	0	1	1	0	0	1	1	1	0	0	0	1	1	0	1
1	101864780	102128146	101.86	102.13	5	1	1	1	0	1	1	1	1	1	1	1	1	1	1	1	1	1	1	1	0	1	0	1	1	1	1	0	0	0	0	1	1	0	0	1	1	1	0	0	0	1	1	0	1
1	102128146	103285189	102.13	103.29	20	1	1	1	0	1	1	1	1	1	1	1	1	1	1	1	1	1	1	0	0	1	0	1	1	1	1	0	0	0	0	1	1	0	0	1	1	1	0	0	0	1	1	0	1
1	103285189	104288464	103.29	104.29	20	1	1	1	0	1	1	1	1	1	1	1	1	1	1	1	1	1	1	0	0	0	0	1	1	1	0	0	0	0	0	1	1	0	0	0	1	1	0	0	0	1	1	0	1
1	104288464	107781031	104.29	107.78	80	1	1	1	0	1	1	1	1	0	0	1	0	1	1	1	1	0	1	0	0	0	0	0	1	0	0	0	0	0	0	0	1	0	0	0	1	1	0	0	0	1	1	0	1
1	107781031	109410007	107.78	109.41	30	1	1	1	0	1	1	1	1	0	0	1	0	1	1	1	1	0	1	0	0	0	0	0	1	0	0	0	0	0	0	0	0	0	0	0	1	0	0	0	0	1	1	0	1
1	109410007	111054255	109.41	111.05	40	1	1	1	0	0	1	0	1	0	0	1	0	1	1	1	1	0	1	0	0	0	0	0	1	0	0	0	0	0	0	0	0	0	0	0	1	0	0	0	0	1	1	0	1
1	111054255	112794278	111.05	112.79	30	0	1	1	0	0	1	0	1	0	0	1	0	1	1	1	1	0	1	0	0	0	0	0	1	0	0	0	0	0	0	0	0	0	0	0	1	0	0	0	0	1	1	0	1
1	112794278	114763500	112.79	114.76	40	0	1	0	0	0	1	0	0	0	0	1	0	1	1	1	1	0	1	0	0	0	0	0	1	0	0	0	0	0	0	0	0	0	0	0	1	0	0	0	0	1	0	0	1
1	114763500	117584282	114.76	117.58	55	0	1	0	0	0	1	0	0	0	0	1	0	1	1	1	1	0	1	0	0	0	0	0	1	0	0	0	0	0	0	0	0	1	0	0	1	0	0	0	0	1	0	0	1
1	117584282	117992623	117.58	117.99	10	0	1	0	0	0	1	0	0	0	0	1	1	1	1	1	1	0	1	0	0	0	0	1	1	1	1	0	0	0	0	1	0	1	0	1	1	0	0	0	0	1	0	0	1
1	117992623	118785100	117.99	118.79	20	0	1	0	0	0	1	0	0	1	1	1	1	1	1	1	1	1	1	0	0	0	0	1	1	1	1	0	0	0	0	1	1	1	0	1	1	0	0	0	0	1	0	0	1
1	118785100	119636903	118.79	119.64	25	0	1	0	0	1	1	1	0	1	1	1	1	1	1	1	1	1	1	1	1	0	0	1	1	1	1	0	0	0	0	1	1	1	0	1	1	0	0	0	0	1	0	1	1
1	119636903	120180832	119.64	120.18	15	0	1	1	0	1	1	1	0	1	1	1	1	1	1	1	1	1	1	1	1	0	0	1	1	1	1	0	0	0	0	1	1	1	0	1	1	0	0	0	0	1	0	1	1
1	120180832	121894225	120.18	121.89	35	0	1	1	0	1	1	1	0	1	1	1	1	1	1	1	1	1	1	1	1	0	1	1	1	1	1	0	0	0	0	1	1	1	0	1	1	0	0	0	0	1	0	1	1
1	121894225	122537902	121.89	122.54	10	1	1	1	1	1	1	1	0	1	1	1	1	1	1	1	1	1	1	1	1	0	1	1	1	1	1	0	0	0	0	1	1	1	0	1	1	0	0	0	0	1	1	1	1
1	122537902	126829408	122.54	126.83	85	1	1	1	1	1	1	1	1	1	1	1	1	1	1	1	1	1	1	1	1	0	1	1	1	1	1	0	0	0	0	1	1	1	0	1	1	0	0	0	0	1	1	1	1
1	126829408	128503005	126.83	128.50	30	1	1	1	1	1	1	1	1	1	1	1	1	1	1	1	1	1	1	1	1	0	0	1	0	1	1	0	0	0	0	1	1	1	0	1	0	0	0	0	0	1	1	1	0
1	128503005	132601197	128.50	132.60	85	1	1	1	1	1	1	1	1	1	1	1	1	1	1	1	1	1	1	1	1	0	0	1	0	1	1	0	0	0	0	1	1	1	0	1	0	0	0	0	0	1	1	0	0
1	132601197	134584026	132.60	134.58	30	1	1	1	1	1	1	1	1	1	1	1	1	1	1	1	1	1	1	1	1	0	1	1	1	1	1	0	0	0	0	1	1	1	0	1	1	0	0	0	0	1	1	0	1
1	134584026	135276368	134.58	135.28	15	1	1	1	1	1	1	1	1	1	1	1	1	1	1	1	1	1	1	1	1	0	1	1	1	1	1	0	0	0	0	1	1	1	0	1	1	0	1	0	0	1	1	0	1
1	135276368	136830439	135.28	136.83	35	1	1	1	1	1	1	1	1	1	1	1	1	1	1	1	1	1	1	1	1	0	1	1	1	1	1	0	0	0	0	1	1	1	0	1	1	0	1	0	0	1	1	1	1
1	136830439	138186055	136.83	138.19	20	1	1	1	1	1	1	1	1	1	1	1	1	1	1	1	1	1	1	1	1	0	1	1	1	1	1	0	0	0	0	1	1	1	1	1	1	0	1	0	0	1	1	1	1
1	138186055	141122940	138.19	141.12	70	1	1	1	1	1	1	1	1	1	1	1	1	1	1	1	1	1	1	1	1	0	1	1	1	1	1	1	0	0	0	1	1	1	1	1	1	0	1	1	0	1	1	1	1
1	141122940	143438656	141.12	143.44	60	1	1	1	1	1	1	1	1	1	1	1	1	1	1	1	1	1	1	1	1	0	1	1	1	1	1	1	0	0	0	1	1	1	1	1	1	1	1	1	1	1	1	1	1
1	143438656	144152667	143.44	144.15	25	1	1	1	1	1	1	1	1	1	1	1	1	1	1	1	1	1	1	1	1	0	1	1	0	1	1	1	0	0	0	1	1	1	1	1	1	1	1	1	1	1	1	1	1
1	144152667	145194253	144.15	145.19	30	1	1	1	1	1	1	1	1	1	1	1	1	1	1	1	1	1	1	1	1	0	1	1	0	1	1	1	0	0	0	1	1	0	1	1	1	1	1	0	1	1	1	1	1
1	145194253	146242466	145.19	146.24	30	1	1	1	1	1	1	1	1	0	1	1	1	1	1	1	1	1	1	1	1	0	1	1	0	1	1	1	0	0	0	1	1	0	1	1	1	1	1	0	1	1	1	1	1
1	146242466	146807207	146.24	146.81	10	1	1	1	1	1	1	1	1	0	1	1	1	0	1	1	1	1	1	1	1	0	1	1	0	1	1	1	0	0	0	1	1	0	1	1	1	1	1	0	1	1	1	1	1
1	146807207	149080548	146.81	149.08	60	1	1	1	1	1	1	1	1	0	1	0	1	0	1	1	1	1	1	1	1	0	1	1	0	1	1	0	0	0	0	1	1	0	0	1	1	1	1	0	1	1	1	1	1
1	149080548	151466980	149.08	151.47	60	1	1	1	1	1	1	1	1	0	1	0	1	0	1	1	1	1	1	1	1	0	1	1	0	1	1	0	0	0	0	1	1	1	0	1	1	1	1	1	1	1	1	1	1
1	151466980	154237078	151.47	154.24	90	1	1	1	1	1	1	1	1	1	1	0	1	0	1	1	1	1	0	1	1	0	1	1	0	1	1	0	0	0	0	1	1	1	1	1	1	1	1	1	1	1	1	1	1
1	154237078	154693967	154.24	154.69	10	1	1	1	1	1	1	1	1	1	1	0	1	0	1	1	1	1	0	1	1	0	1	1	0	1	1	0	0	0	0	1	1	1	1	1	1	0	1	1	0	1	1	1	1
1	154693967	155072133	154.69	155.07	5	1	1	1	1	1	1	1	1	1	1	0	1	0	1	1	1	1	0	1	1	0	1	1	0	1	1	0	0	0	0	1	1	1	1	1	0	0	1	1	0	1	1	1	0
1	155072133	158486327	155.07	158.49	83	1	1	1	1	1	1	1	1	1	1	0	1	0	1	1	1	1	0	1	1	0	1	1	0	1	1	0	0	0	0	1	1	1	1	1	0	0	1	0	0	1	1	1	0
